"商品コード","商品名","価格（税込）","URL","画像URL","カテゴリ","ブランド"
"8380204s","LEDシーリングライト(YP001)","7990～9990円","https://www.nitori-net.jp/ec/product/8380204s/","https://www.nitori-net.jp/ecstatic/image/product/8380204s/8380204s00.jpg?ts=20260422145615552","ライト・照明器具","ニトリ"
"2113400003101s","LEDシーリングライト (CI01)","3990～5990円","https://www.nitori-net.jp/ec/product/2113400003101s/","https://www.nitori-net.jp/ecstatic/image/product/2113400003101s/2113400003101s00.jpg?ts=20250811133856883","ライト・照明器具","ニトリ"
"8371255s","4灯 LEDシーリングライト(YP-S4)","12990円","https://www.nitori-net.jp/ec/product/8371255s/","https://www.nitori-net.jp/ecstatic/image/product/8371255s/8371255s00.jpg?ts=20250603112224200","ライト・照明器具","ニトリ"
"8370957s","ペンダントライト セイス BK(274P-6)","12990円","https://www.nitori-net.jp/ec/product/8370957s/","https://www.nitori-net.jp/ecstatic/image/product/8370957s/8370957s00.jpg?ts=20260105094802547","ライト・照明器具","ニトリ"
"8370939s","ペンダントライト WACCA","6990円","https://www.nitori-net.jp/ec/product/8370939s/","https://www.nitori-net.jp/ecstatic/image/product/8370939s/8370939s00.jpg?ts=20250526141701411","ライト・照明器具","ニトリ"
"2113400062610s","LEDシーリングライト(AI02 8J)","3990～4990円","https://www.nitori-net.jp/ec/product/2113400062610s/","https://www.nitori-net.jp/ecstatic/image/product/2113400062610s/2113400062610s00.jpg?ts=20260609105437882","ライト・照明器具","ニトリ"
"8380201s","LEDシーリングライト(MN-100 LCL5)","2990円","https://www.nitori-net.jp/ec/product/8380201s/","https://www.nitori-net.jp/ecstatic/image/product/8380201s/8380201s00.jpg?ts=20260422145557106","ライト・照明器具","ニトリ"
"4550668328900s","ルミナスLEDライト付き シーリングファン","11900～14900円","https://www.nitori-net.jp/ec/product/4550668328900s/","https://www.nitori-net.jp/ecstatic/image/product/4550668328900s/4550668328900s00.jpg?ts=20260509084616921","ライト・照明器具","ニトリ"
"8371253s","3灯 LEDシーリングライト(YP-S3)","9990円","https://www.nitori-net.jp/ec/product/8371253s/","https://www.nitori-net.jp/ecstatic/image/product/8371253s/8371253s00.jpg?ts=20250725173815791","ライト・照明器具","ニトリ"
"2113400062771s","昇降式 ペンダントバー ライト(YIYI25)","19900円","https://www.nitori-net.jp/ec/product/2113400062771s/","https://www.nitori-net.jp/ecstatic/image/product/2113400062771s/2113400062771s00.jpg?ts=20260601165100289","ライト・照明器具","ニトリ"
"2113400000803s","アッパーライト付きシーリングライト(12LCL-MU)","19900円","https://www.nitori-net.jp/ec/product/2113400000803s/","https://www.nitori-net.jp/ecstatic/image/product/2113400000803s/2113400000803s00.jpg?ts=20260216145759345","ライト・照明器具","ニトリ"
"4944370041088s","ヴィンテージスタイルのシーリングファン フィラメントLED 6灯","39990円","https://www.nitori-net.jp/ec/product/4944370041088s/","https://www.nitori-net.jp/ecstatic/image/product/4944370041088/494437004108801.jpg?ts=20250520192759099","ライト・照明器具","ニトリ"
"8373105s","ガラスペンダントライト 5灯 ANV ゴールド (Living in Comfort)","19990円","https://www.nitori-net.jp/ec/product/8373105s/","https://www.nitori-net.jp/ecstatic/image/product/8373105s/8373105s00.jpg?ts=20250526142057161","ライト・照明器具","ニトリ"
"2113400057487s","LEDシーリングライト(6畳/8畳/12畳)","6990～8990円","https://www.nitori-net.jp/ec/product/2113400057487s/","https://www.nitori-net.jp/ecstatic/image/product/2113400057487s/2113400057487s00.jpg?ts=20251208092020423","ライト・照明器具","ニトリ"
"8380221s","スマートLEDシーリングライト(MT301WF)","7990～9990円","https://www.nitori-net.jp/ec/product/8380221s/","https://www.nitori-net.jp/ecstatic/image/product/8380221s/8380221s00.jpg?ts=20250407092857120","ライト・照明器具","ニトリ"
"8370766s","シーリングライト Nウッドリング(P-4)","10990円","https://www.nitori-net.jp/ec/product/8370766s/","https://www.nitori-net.jp/ecstatic/image/product/8370766s/8370766s00.jpg?ts=20250407091644254","ライト・照明器具","ニトリ"
"8330255s","フロアランプ　ウッドリング2(NA/WH)","7990円","https://www.nitori-net.jp/ec/product/8330255s/","https://www.nitori-net.jp/ecstatic/image/product/8330257/833025701.jpg?ts=20250407072139424","ライト・照明器具","ニトリ"
"8373011s","ペンダントライト VERRE 3T","14990円","https://www.nitori-net.jp/ec/product/8373011s/","https://www.nitori-net.jp/ecstatic/image/product/8373011s/8373011s00.jpg?ts=20250526141925899","ライト・照明器具","ニトリ"
"8370825s","ペンダントライト ボレロ","8990円","https://www.nitori-net.jp/ec/product/8370825s/","https://www.nitori-net.jp/ecstatic/image/product/8370825s/8370825s00.jpg?ts=20250526141625760","ライト・照明器具","ニトリ"
"8373022s","ペンダントライト(Nアサボ)","4990円","https://www.nitori-net.jp/ec/product/8373022s/","https://www.nitori-net.jp/ecstatic/image/product/8373022s/8373022s00.jpg?ts=20250528111316692","ライト・照明器具","ニトリ"
"8371075s","ペンダントライト VERRE 1T","5990円","https://www.nitori-net.jp/ec/product/8371075s/","https://www.nitori-net.jp/ecstatic/image/product/8371075s/8371075s00.jpg?ts=20250526141823138","ライト・照明器具","ニトリ"
"8380191s","4灯LEDシーリングライト(YP787C)","14990円","https://www.nitori-net.jp/ec/product/8380191s/","https://www.nitori-net.jp/ecstatic/image/product/8380191s/8380191s00.jpg?ts=20250407092435125","ライト・照明器具","ニトリ"
"8370938s","ペンダントライト Nフィルメトリ(124P)","3490円","https://www.nitori-net.jp/ec/product/8370938s/","https://www.nitori-net.jp/ecstatic/image/product/8370938s/8370938s00.jpg?ts=20250718162005294","ライト・照明器具","ニトリ"
"8330295s","LED フロアランプ(YP001FL)","7990円","https://www.nitori-net.jp/ec/product/8330295s/","https://www.nitori-net.jp/ecstatic/image/product/8330295s/8330295s00.jpg?ts=20251216122139506","ライト・照明器具","ニトリ"
"8373021s","和紙ペンダントライト(ルナ2)","2990円","https://www.nitori-net.jp/ec/product/8373021s/","https://www.nitori-net.jp/ecstatic/image/product/8373021s/8373021s00.jpg?ts=20250526142000482","ライト・照明器具","ニトリ"
"2113400053939s","5灯 LED ペンダントライト (PD-1)","9990円","https://www.nitori-net.jp/ec/product/2113400053939s/","https://www.nitori-net.jp/ecstatic/image/product/2113400053939s/2113400053939s00.jpg?ts=20250620150806833","ライト・照明器具","ニトリ"
"8370754s","ペンダントライト(ディスク)","3490円","https://www.nitori-net.jp/ec/product/8370754s/","https://www.nitori-net.jp/ecstatic/image/product/8370754s/8370754s00.jpg?ts=20250526141541131","ライト・照明器具","ニトリ"
"8330333s","モダンフロアランプ　ニュープリエ","5990円","https://www.nitori-net.jp/ec/product/8330333s/","https://www.nitori-net.jp/ecstatic/image/product/8330333/833033301.jpg?ts=20250407072139422","ライト・照明器具","ニトリ"
"8373005s","シーリングライト メストロ4RC","12990円","https://www.nitori-net.jp/ec/product/8373005s/","https://www.nitori-net.jp/ecstatic/image/product/8373005s/8373005s00.jpg?ts=20250526141904264","ライト・照明器具","ニトリ"
"2113400056497s","LEDシーリングライト (NS005)","3990～5990円","https://www.nitori-net.jp/ec/product/2113400056497s/","https://www.nitori-net.jp/ecstatic/image/product/2113400056497s/2113400056497s00.jpg?ts=20251225101352167","ライト・照明器具","ニトリ"
"8370837s","ペンダントライト　ソフィア(242P-5FN)","11990円","https://www.nitori-net.jp/ec/product/8370837s/","https://www.nitori-net.jp/ecstatic/image/product/8370837s/8370837s00.jpg?ts=20250613125126282","ライト・照明器具","ニトリ"
"8371131s","ペンダントライト(ELPPL-02)","3990円","https://www.nitori-net.jp/ec/product/8371131s/","https://www.nitori-net.jp/ecstatic/image/product/8371131s/8371131s00.jpg?ts=20250718162048610","ライト・照明器具","ニトリ"
"4944370812985s","シンプルデザインのシーリングファン(4灯)","24990円","https://www.nitori-net.jp/ec/product/4944370812985s/","https://www.nitori-net.jp/ecstatic/image/product/4944370812985/494437081298501.jpg?ts=20250407072139423","ライト・照明器具","ニトリ"
"8373025s","4灯シーリングライト(LI-ZU X ブラック)","11990円","https://www.nitori-net.jp/ec/product/8373025s/","https://www.nitori-net.jp/ecstatic/image/product/8373025s/8373025s00.jpg?ts=20250526142039209","ライト・照明器具","ニトリ"
"8373017s","ペンダントライト(VNT-03 ブラック)","8990円","https://www.nitori-net.jp/ec/product/8373017s/","https://www.nitori-net.jp/ecstatic/image/product/8373017s/8373017s00.jpg?ts=20250526141943761","ライト・照明器具","ニトリ"
"8371079s","シーリングライト Nウッドリング6灯(P-6DBR)","12990円","https://www.nitori-net.jp/ec/product/8371079s/","https://www.nitori-net.jp/ecstatic/image/product/8371079s/8371079s00.jpg?ts=20250407091908608","ライト・照明器具","ニトリ"
"2113400003873s","LEDミニシーリングライト (60L)","2490円","https://www.nitori-net.jp/ec/product/2113400003873s/","https://www.nitori-net.jp/ecstatic/image/product/2113400003873s/2113400003873s00.jpg?ts=20251225142354599","ライト・照明器具","ニトリ"
"8370618s","5灯式シーリングライト(C-080P-5)","12990円","https://www.nitori-net.jp/ec/product/8370618s/","https://www.nitori-net.jp/ecstatic/image/product/8370618/837061801.jpg?ts=20250407072139424","ライト・照明器具","ニトリ"
"4550668938772s","ルミナスLED ライト付き シーリングファン (E26ソケットモデル 調光タイプ)","3990円","https://www.nitori-net.jp/ec/product/4550668938772s/","https://www.nitori-net.jp/ecstatic/image/product/4550668938772s/4550668938772s00.jpg?ts=20260509085715590","ライト・照明器具","ニトリ"
"8370831s","ペンダントライト ラルム","6990円","https://www.nitori-net.jp/ec/product/8370831s/","https://www.nitori-net.jp/ecstatic/image/product/8370831/837083101.jpg?ts=20250407072139422","ライト・照明器具","ニトリ"
"2113400053922s","LEDペンダントライト 50F","7990円","https://www.nitori-net.jp/ec/product/2113400053922s/","https://www.nitori-net.jp/ecstatic/image/product/2113400053922s/2113400053922s00.jpg?ts=20251208091948313","ライト・照明器具","ニトリ"
"8380225s","VINTAGE Collection シーリングファン(LED電球付き)","32990円","https://www.nitori-net.jp/ec/product/8380225s/","https://www.nitori-net.jp/ecstatic/image/product/8380225/838022501.jpg?ts=20250407072139424","ライト・照明器具","ニトリ"
"2113400058866s","広く照らす 2wayLEDデスクライト(DS521S)","9990円","https://www.nitori-net.jp/ec/product/2113400058866s/","https://www.nitori-net.jp/ecstatic/image/product/2113400058866s/2113400058866s00.jpg?ts=20260115150926918","ライト・照明器具","ニトリ"
"8360411s","LED デスクライト(YP700DL)","5990円","https://www.nitori-net.jp/ec/product/8360411s/","https://www.nitori-net.jp/ecstatic/image/product/8360411/836041101.jpg?ts=20250407072139424","ライト・照明器具","ニトリ"
"8370944s","ペンダントライトNシック3","4990円","https://www.nitori-net.jp/ec/product/8370944s/","https://www.nitori-net.jp/ecstatic/image/product/8370944s/8370944s00.jpg?ts=20250526141721932","ライト・照明器具","ニトリ"
"2113400054400s","LEDシーリングスポットライト","19900円","https://www.nitori-net.jp/ec/product/2113400054400s/","https://www.nitori-net.jp/ecstatic/image/product/2113400054400s/2113400054400s00.jpg?ts=20250820145210810","ライト・照明器具","ニトリ"
"8373101s","ラタンシェードペンダントライト 3灯 ANM (Living in Comfort)","9990円","https://www.nitori-net.jp/ec/product/8373101s/","https://www.nitori-net.jp/ecstatic/image/product/8373101s/8373101s00.jpg?ts=20250718162113735","ライト・照明器具","ニトリ"
"8371134s","【調光・調色可能】リモコンで操作できるLED電球(LE-01)","1490～1990円","https://www.nitori-net.jp/ec/product/8371134s/","https://www.nitori-net.jp/ecstatic/image/product/8371134/837113401.jpg?ts=20250407072139424","ライト・照明器具","ニトリ"
"8371309s","LEDフィラメント電球(E26口金 60W相当 LEE-G95U 60)","799円","https://www.nitori-net.jp/ec/product/8371309s/","https://www.nitori-net.jp/ecstatic/image/product/8371309/837130901.jpg?ts=20260105081831970","ライト・照明器具","ニトリ"
"8330275s","フロアランプ(フロアランプ LI-ZU)","6990円","https://www.nitori-net.jp/ec/product/8330275s/","https://www.nitori-net.jp/ecstatic/image/product/8330275/833027501.jpg?ts=20250407072139422","ライト・照明器具","ニトリ"
"8373102s","ラタンシェードペンダントライト 1灯 ANM (Living in Comfort)","6990円","https://www.nitori-net.jp/ec/product/8373102s/","https://www.nitori-net.jp/ecstatic/image/product/8373102/837310201.jpg?ts=20250407072139422","ライト・照明器具","ニトリ"
"8373018s","木製シーリングライト(HC002)","9990円","https://www.nitori-net.jp/ec/product/8373018s/","https://www.nitori-net.jp/ecstatic/image/product/8373018/837301801.jpg?ts=20250924070704733","ライト・照明器具","ニトリ"
"2113400003880s","LEDミニシーリングライト (60L)","2990円","https://www.nitori-net.jp/ec/product/2113400003880s/","https://www.nitori-net.jp/ecstatic/image/product/2113400003880s/2113400003880s00.jpg?ts=20260107132752056","ライト・照明器具","ニトリ"
"2113400003866s","LEDミニシーリングライト (60D)","2490円","https://www.nitori-net.jp/ec/product/2113400003866s/","https://www.nitori-net.jp/ecstatic/image/product/2113400003866s/2113400003866s00.jpg?ts=20251225142335262","ライト・照明器具","ニトリ"
"8373108s","フロストガラスペンダントライト 1灯 ASM (Living in Comfort)","5990円","https://www.nitori-net.jp/ec/product/8373108s/","https://www.nitori-net.jp/ecstatic/image/product/8373108s/8373108s00.jpg?ts=20250718162223160","ライト・照明器具","ニトリ"
"8380224s","VINTAGE Collection シーリングファン(電球付き)","29990円","https://www.nitori-net.jp/ec/product/8380224s/","https://www.nitori-net.jp/ecstatic/image/product/8380224/838022401.jpg?ts=20250407072139421","ライト・照明器具","ニトリ"
"8371293s","LED電球(E26口金 60W相当 LEE60WM-L)","399円","https://www.nitori-net.jp/ec/product/8371293s/","https://www.nitori-net.jp/ecstatic/image/product/8371293/837129301.jpg?ts=20250407072139424","ライト・照明器具","ニトリ"
"8360384s","コードレスポータブル LEDデスクライトDX-SX20(ホワイト)","2990円","https://www.nitori-net.jp/ec/product/8360384s/","https://www.nitori-net.jp/ecstatic/image/product/8360384s/8360384s00.jpg?ts=20260422145501848","ライト・照明器具","ニトリ"
"8373107s","フロストガラスペンダントライト 3灯 ASM  (Living in Comfort)","14990円","https://www.nitori-net.jp/ec/product/8373107s/","https://www.nitori-net.jp/ecstatic/image/product/8373107s/8373107s00.jpg?ts=20250526142115498","ライト・照明器具","ニトリ"
"2113400056527s","LEDシーリングライト (NS006)","5990～7990円","https://www.nitori-net.jp/ec/product/2113400056527s/","https://www.nitori-net.jp/ecstatic/image/product/2113400056527s/2113400056527s00.jpg?ts=20251225101421251","ライト・照明器具","ニトリ"
"4944370059007s","ヴィンテージスタイルのシーリングファン 4灯","29990円","https://www.nitori-net.jp/ec/product/4944370059007s/","https://www.nitori-net.jp/ecstatic/image/product/4944370059007/494437005900701.jpg?ts=20250520192759099","ライト・照明器具","ニトリ"
"4944370821291s","シンプルデザインのシーリングファン","32990円","https://www.nitori-net.jp/ec/product/4944370821291s/","https://www.nitori-net.jp/ecstatic/image/product/4944370821291/494437082129101.jpg?ts=20250520192759098","ライト・照明器具","ニトリ"
"2113400003910s","LEDデスクライト(DX-OK06)","3990円","https://www.nitori-net.jp/ec/product/2113400003910s/","https://www.nitori-net.jp/ecstatic/image/product/2113400003910s/2113400003910s00.jpg?ts=20260119145738777","ライト・照明器具","ニトリ"
"8360417s","LEDデスクライト(YP405DL ホワイト)","2990円","https://www.nitori-net.jp/ec/product/8360417s/","https://www.nitori-net.jp/ecstatic/image/product/8360418/836041801.jpg?ts=20250407072139422","ライト・照明器具","ニトリ"
"8373007s","ペンダントライト メストロ","2990円","https://www.nitori-net.jp/ec/product/8373007s/","https://www.nitori-net.jp/ecstatic/image/product/8373007/837300701.jpg?ts=20250407072139423","ライト・照明器具","ニトリ"
"8370965s","ペンダントライト VITRO","7990円","https://www.nitori-net.jp/ec/product/8370965s/","https://www.nitori-net.jp/ecstatic/image/product/8370965s/8370965s00.jpg?ts=20250526141800890","ライト・照明器具","ニトリ"
"4954849540530s","センサーライト かげあかり(01)","2990円","https://www.nitori-net.jp/ec/product/4954849540530s/","https://www.nitori-net.jp/ecstatic/image/product/4954849540530s/4954849540530s00.jpg?ts=20260506154417862","ライト・照明器具","ニトリ"
"4550668938741s","ルミナスLED ライト付き シーリングファン (E26ソケットモデル 調光調色タイプ)","4490円","https://www.nitori-net.jp/ec/product/4550668938741s/","https://www.nitori-net.jp/ecstatic/image/product/4550668938741s/4550668938741s00.jpg?ts=20260422131818801","ライト・照明器具","ニトリ"
"8371294s","LED電球(E26口金 60W相当 LEE60WM-N)","399円","https://www.nitori-net.jp/ec/product/8371294s/","https://www.nitori-net.jp/ecstatic/image/product/8371294/837129401.jpg?ts=20250407072139422","ライト・照明器具","ニトリ"
"2113400062559s","1灯ペンダントライト(HCTL1P)","5990円","https://www.nitori-net.jp/ec/product/2113400062559s/","https://www.nitori-net.jp/ecstatic/image/product/2113400062559s/2113400062559s00.jpg?ts=20260216171428355","ライト・照明器具","ニトリ"
"8371307s","LEDフィラメント電球(E26口金 30W相当 LEE-ST64U 30)","699円","https://www.nitori-net.jp/ec/product/8371307s/","https://www.nitori-net.jp/ecstatic/image/product/8371307/837130701.jpg?ts=20260105081831969","ライト・照明器具","ニトリ"
"2113400001015s","コードレスLEDランタン(YP-JYTG)","2990円","https://www.nitori-net.jp/ec/product/2113400001015s/","https://www.nitori-net.jp/ecstatic/image/product/2113400001015/211340000101501.jpg?ts=20260105081831967","ライト・照明器具","ニトリ"
"8360396s","LEDクリップライト(YP400CL)","2990円","https://www.nitori-net.jp/ec/product/8360396s/","https://www.nitori-net.jp/ecstatic/image/product/8360396/836039601.jpg?ts=20250407072139424","ライト・照明器具","ニトリ"
"8370691s","明暗人感付センサーライト　もてなしのあかり(HLH-1203NNPW)","3990円","https://www.nitori-net.jp/ec/product/8370691s/","https://www.nitori-net.jp/ecstatic/image/product/8370691/837069101.jpg?ts=20250407072139422","ライト・照明器具","ニトリ"
"8321033s","LEDボールランプ(YP-Q555)","3990円","https://www.nitori-net.jp/ec/product/8321033s/","https://www.nitori-net.jp/ecstatic/image/product/8321033/832103301.jpg?ts=20250407072139422","ライト・照明器具","ニトリ"
"8320555s","LEDテーブルランプ(LUMILA)","1990円","https://www.nitori-net.jp/ec/product/8320555s/","https://www.nitori-net.jp/ecstatic/image/product/8320555/832055501.jpg?ts=20250407072139424","ライト・照明器具","ニトリ"
"8373106s","ガラスペンダントライト 1灯 ANV ゴールド (Living in Comfort)","7990円","https://www.nitori-net.jp/ec/product/8373106s/","https://www.nitori-net.jp/ecstatic/image/product/8373106s/8373106s00.jpg?ts=20250718162205204","ライト・照明器具","ニトリ"
"8330284s","アッパーライト(キャスカナ)","4990円","https://www.nitori-net.jp/ec/product/8330284s/","https://www.nitori-net.jp/ecstatic/image/product/8330285/833028501.jpg?ts=20260105081831970","ライト・照明器具","ニトリ"
"8371308s","LEDフィラメント電球(E26口金 50W相当 LEE-ST64U 50)","799円","https://www.nitori-net.jp/ec/product/8371308s/","https://www.nitori-net.jp/ecstatic/image/product/8371308/837130801.jpg?ts=20260105081831969","ライト・照明器具","ニトリ"
"8380186s","LEDシーリングライト(ミアナ)","4794～6291円","https://www.nitori-net.jp/ec/product/8380186s/","https://www.nitori-net.jp/ecstatic/image/product/8380186/838018601.jpg?ts=20250407072139423","ライト・照明器具","ニトリ"
"8371097s","USBポータブル LEDランタン(DX-M06)","3490円","https://www.nitori-net.jp/ec/product/8371097s/","https://www.nitori-net.jp/ecstatic/image/product/8371097s/8371097s00.jpg?ts=20260422145533846","ライト・照明器具","ニトリ"
"4944370058970s","ヴィンテージスタイルのシーリングファン 6灯","36990円","https://www.nitori-net.jp/ec/product/4944370058970s/","https://www.nitori-net.jp/ecstatic/image/product/4944370058970/494437005897001.jpg?ts=20250520192759098","ライト・照明器具","ニトリ"
"2113400051010s","LEDコードレステーブルランプ (LML)","2990円","https://www.nitori-net.jp/ec/product/2113400051010s/","https://www.nitori-net.jp/ecstatic/image/product/2113400051010/211340005101001.jpg?ts=20260105081831968","ライト・照明器具","ニトリ"
"4550668938659s","ルミナスLED ライト付き シーリングファン (引掛けモデル 調光タイプ)","3990円","https://www.nitori-net.jp/ec/product/4550668938659s/","https://www.nitori-net.jp/ecstatic/image/product/4550668938659s/4550668938659s00.jpg?ts=20260422131759045","ライト・照明器具","ニトリ"
"8360386s","コードレス２WAY LEDクリップライト(DX-C8 WH)","1990円","https://www.nitori-net.jp/ec/product/8360386s/","https://www.nitori-net.jp/ecstatic/image/product/8360386s/8360386s00.jpg?ts=20260109162216665","ライト・照明器具","ニトリ"
"6580353s","デスクライト(ND2-10AN LED)","7000円","https://www.nitori-net.jp/ec/product/6580353s/","https://www.nitori-net.jp/ecstatic/image/product/6580353/658035301.jpg?ts=20231031173717992","ライト・照明器具","ニトリ"
"8371181s","電池式センサーライト(マンマル)","1790円","https://www.nitori-net.jp/ec/product/8371181s/","https://www.nitori-net.jp/ecstatic/image/product/8371181/837118101.jpg?ts=20250407072139422","ライト・照明器具","ニトリ"
"5692597s","CL20 ペンダントランプ","66000円","https://www.nitori-net.jp/ec/product/5692597s/","https://www.nitori-net.jp/ecstatic/image/product/5692597/569259701.jpg?ts=20250407072139423","ライト・照明器具","ニトリ"
"8371149s","停電時に光るLEDランタン(USBポータブル ST001)","3990円","https://www.nitori-net.jp/ec/product/8371149s/","https://www.nitori-net.jp/ecstatic/image/product/8371149/837114901.jpg?ts=20250407072139422","ライト・照明器具","ニトリ"
"2113400003736s","4way マグネットライト (CX-J6)","3990円","https://www.nitori-net.jp/ec/product/2113400003736s/","https://www.nitori-net.jp/ecstatic/image/product/2113400003736s/2113400003736s00.jpg?ts=20260114103247634","ライト・照明器具","ニトリ"
"8331023s","ガラスシェードフロアランプ ANV (Living in Comfort)","12990円","https://www.nitori-net.jp/ec/product/8331023s/","https://www.nitori-net.jp/ecstatic/image/product/8331023/833102301.jpg?ts=20250407072139422","ライト・照明器具","ニトリ"
"8371175s","1灯ペンダントソケット(178P-1)","2490円","https://www.nitori-net.jp/ec/product/8371175s/","https://www.nitori-net.jp/ecstatic/image/product/8371175s/8371175s00.jpg?ts=20250820140431009","ライト・照明器具","ニトリ"
"8371182s","充電式センサーライト(ペタンコIVWH)","2990円","https://www.nitori-net.jp/ec/product/8371182s/","https://www.nitori-net.jp/ecstatic/image/product/8371182s/8371182s00.jpg?ts=20250407091727525","ライト・照明器具","ニトリ"
"8330193s","フロアランプ(スプラウト10192C-WH)","3990円","https://www.nitori-net.jp/ec/product/8330193s/","https://www.nitori-net.jp/ecstatic/image/product/8330193/833019301.jpg?ts=20250407072139422","ライト・照明器具","ニトリ"
"5692587s","ペンダントランプ（ブラック・ゴールド・ホワイト）","24990円","https://www.nitori-net.jp/ec/product/5692587s/","https://www.nitori-net.jp/ecstatic/image/product/5692588/569258801.jpg?ts=20250407072139423","ライト・照明器具","ニトリ"
"2113400061934s","目に優しい 太陽光LEDデスクライト(ML25CL)","19900円","https://www.nitori-net.jp/ec/product/2113400061934s/","https://www.nitori-net.jp/ecstatic/image/product/2113400061934s/2113400061934s00.jpg?ts=20260428112519021","ライト・照明器具","ニトリ"
"2113400000940s","コードレス充電付きテーブルランプ(YP-ZSTG3)","3990円","https://www.nitori-net.jp/ec/product/2113400000940s/","https://www.nitori-net.jp/ecstatic/image/product/2113400000940/211340000094001.jpg?ts=20260105081831968","ライト・照明器具","ニトリ"
"8371302s","LED電球(E26口金 60W相当 LEE60WL-L","999円","https://www.nitori-net.jp/ec/product/8371302s/","https://www.nitori-net.jp/ecstatic/image/product/8371302/837130201.jpg?ts=20250407072139424","ライト・照明器具","ニトリ"
"8322023s","ガラスシェードテーブルランプ ANV (Living in Comfort)","6990円","https://www.nitori-net.jp/ec/product/8322023s/","https://www.nitori-net.jp/ecstatic/image/product/8322023/832202301.jpg?ts=20250407072139423","ライト・照明器具","ニトリ"
"8370824s","ペンダントライト ディスク(ホワイト)","3490円","https://www.nitori-net.jp/ec/product/8370824s/","https://www.nitori-net.jp/ecstatic/image/product/8370824s/8370824s00.jpg?ts=20250526141601324","ライト・照明器具","ニトリ"
"8360424s","LEDクリップライト(プラノア)","2990円","https://www.nitori-net.jp/ec/product/8360424s/","https://www.nitori-net.jp/ecstatic/image/product/8360424/836042401.jpg?ts=20260105081831969","ライト・照明器具","ニトリ"
"8371301s","LED電球(E26口金 60W相当 電球色 LEE60WL-L)","999円","https://www.nitori-net.jp/ec/product/8371301s/","https://www.nitori-net.jp/ecstatic/image/product/8371301/837130101.jpg?ts=20250407072139422","ライト・照明器具","ニトリ"
"8360405s","LED デスクライト(プラノア)","3990円","https://www.nitori-net.jp/ec/product/8360405s/","https://www.nitori-net.jp/ecstatic/image/product/8360405/836040501.jpg?ts=20260105081831970","ライト・照明器具","ニトリ"
"4954849540639s","センサーライト かげあかり(03)","3290円","https://www.nitori-net.jp/ec/product/4954849540639s/","https://www.nitori-net.jp/ecstatic/image/product/4954849540639s/4954849540639s00.jpg?ts=20260506154437174","ライト・照明器具","ニトリ"
"8360415s","LEDデスクライト(YP100DL)","1990円","https://www.nitori-net.jp/ec/product/8360415s/","https://www.nitori-net.jp/ecstatic/image/product/8360415/836041501.jpg?ts=20250407072139423","ライト・照明器具","ニトリ"
"4571450250018s","LED多機能ナイトライト(WCL21)","7990円","https://www.nitori-net.jp/ec/product/4571450250018s/","https://www.nitori-net.jp/ecstatic/image/product/4571450250018s/4571450250018s00.jpg?ts=20260105103020671","ライト・照明器具","ニトリ"
"2113400062535s","5灯ペンダントライト(HCTLP5)","14900円","https://www.nitori-net.jp/ec/product/2113400062535s/","https://www.nitori-net.jp/ecstatic/image/product/2113400062535s/2113400062535s00.jpg?ts=20260428112609659","ライト・照明器具","ニトリ"
"2193400000133s","CL32 フロアランプ(オフホワイト)","29700円","https://www.nitori-net.jp/ec/product/2193400000133s/","https://www.nitori-net.jp/ecstatic/image/product/2193400000133/219340000013302.jpg?ts=20260605142136986","ライト・照明器具","ニトリ"
"2113400003903s","センサー付きLEDミニシーリングライト (S60D)","3490円","https://www.nitori-net.jp/ec/product/2113400003903s/","https://www.nitori-net.jp/ecstatic/image/product/2113400003903s/2113400003903s00.jpg?ts=20251225142415178","ライト・照明器具","ニトリ"
"4954849540585s","センサーライト かげあかり(02)","2990円","https://www.nitori-net.jp/ec/product/4954849540585s/","https://www.nitori-net.jp/ecstatic/image/product/4954849540585s/4954849540585s00.jpg?ts=20251128131128334","ライト・照明器具","ニトリ"
"5692577s","デスクランプ（シルバー・ブラック）","11990～19800円","https://www.nitori-net.jp/ec/product/5692577s/","https://www.nitori-net.jp/ecstatic/image/product/5692577/569257701.jpg?ts=20250407072139421","ライト・照明器具","ニトリ"
"8331022s","アーチ型フロアランプ ACM (Living in Comfort)","17990円","https://www.nitori-net.jp/ec/product/8331022s/","https://www.nitori-net.jp/ecstatic/image/product/8331022/833102201.jpg?ts=20250407072139422","ライト・照明器具","ニトリ"
"4966307386598s","E26用セード付きスポットライト(E26LCX25)","1990円","https://www.nitori-net.jp/ec/product/4966307386598s/","https://www.nitori-net.jp/ecstatic/image/product/4966307386598/496630738659801.jpg?ts=20250407072139421","ライト・照明器具","ニトリ"
"8371291s","LED電球(E26口金 40W相当 電球色 LEE40WM-L)","299円","https://www.nitori-net.jp/ec/product/8371291s/","https://www.nitori-net.jp/ecstatic/image/product/8371291/837129101.jpg?ts=20250407072139422","ライト・照明器具","ニトリ"
"4954849540738s","センサーライト かげあかり(05)","3290円","https://www.nitori-net.jp/ec/product/4954849540738s/","https://www.nitori-net.jp/ecstatic/image/product/4954849540738s/4954849540738s00.jpg?ts=20251128130744853","ライト・照明器具","ニトリ"
"8320485s","ボールランプ(メロ2C-122TL)","2490円","https://www.nitori-net.jp/ec/product/8320485s/","https://www.nitori-net.jp/ecstatic/image/product/8320485/832048501.jpg?ts=20250407072139423","ライト・照明器具","ニトリ"
"5692591s","ペンダントランプ（クリア・フロスト）","30800円","https://www.nitori-net.jp/ec/product/5692591s/","https://www.nitori-net.jp/ecstatic/image/product/5692591/569259101.jpg?ts=20250407072139423","ライト・照明器具","ニトリ"
"4571450250001s","LEDモバイルライト(WML01)","4990円","https://www.nitori-net.jp/ec/product/4571450250001s/","https://www.nitori-net.jp/ecstatic/image/product/4571450250001s/4571450250001s00.jpg?ts=20260105102959217","ライト・照明器具","ニトリ"
"2113400002982s","LEDマグネットフロアランプ(NTFL02)","9990円","https://www.nitori-net.jp/ec/product/2113400002982s/","https://www.nitori-net.jp/ecstatic/image/product/2113400002982s/2113400002982s00.jpg?ts=20260618162148900","ライト・照明器具","ニトリ"
"2193400000126s","CL31 フロアランプ(グレー)","29700円","https://www.nitori-net.jp/ec/product/2193400000126s/","https://www.nitori-net.jp/ecstatic/image/product/2193400000126/219340000012602.jpg?ts=20260605100612141","ライト・照明器具","ニトリ"
"4550668938628s","ルミナスLED ライト付き シーリングファン (引掛けモデル 調光調色タイプ)","4490円","https://www.nitori-net.jp/ec/product/4550668938628s/","https://www.nitori-net.jp/ecstatic/image/product/4550668938628s/4550668938628s00.jpg?ts=20260422131736196","ライト・照明器具","ニトリ"
"8371283s","LED電球(E17口金 40W相当 電球色 LEE40WS-L)","599円","https://www.nitori-net.jp/ec/product/8371283s/","https://www.nitori-net.jp/ecstatic/image/product/8371283/837128301.jpg?ts=20250924070704732","ライト・照明器具","ニトリ"
"5830066s","LEDデスクライト(MO PT01)","1790円","https://www.nitori-net.jp/ec/product/5830066s/","https://www.nitori-net.jp/ecstatic/image/product/5830066/583006601.jpg?ts=20250407072139423","ライト・照明器具","デコホーム"
"8371285s","LED電球(E17口金 60W相当 LEE60WS-L)","899円","https://www.nitori-net.jp/ec/product/8371285s/","https://www.nitori-net.jp/ecstatic/image/product/8371285/837128501.jpg?ts=20250924070704732","ライト・照明器具","ニトリ"
"8370763s","LEDナツメ球(LDT1YRGE12G1001)","399円","https://www.nitori-net.jp/ec/product/8370763s/","https://www.nitori-net.jp/ecstatic/image/product/8370763/837076301.jpg?ts=20250407072139422","ライト・照明器具","ニトリ"
"8371306s","LEDフィラメント電球(E26口金 40形相当 LEE-A60C 40)","699円","https://www.nitori-net.jp/ec/product/8371306s/","https://www.nitori-net.jp/ecstatic/image/product/8371306/837130601.jpg?ts=20260105081831968","ライト・照明器具","ニトリ"
"2113400071094s","CL28 テーブルランプ(ホワイト)","24200円","https://www.nitori-net.jp/ec/product/2113400071094s/","https://www.nitori-net.jp/ecstatic/image/product/2113400071094/211340007109402.jpg?ts=20260424115125713","ライト・照明器具","ニトリ"
"2113400001039s","LEDテーブルランプ(LUMILA ダークグレー)","1990円","https://www.nitori-net.jp/ec/product/2113400001039s/","https://www.nitori-net.jp/ecstatic/image/product/2113400001039/211340000103901.jpg?ts=20250407072139423","ライト・照明器具","ニトリ"
"8320509s","テーブルランプ　ニュープリエ(C-173T)","3990円","https://www.nitori-net.jp/ec/product/8320509s/","https://www.nitori-net.jp/ecstatic/image/product/8320509/832050901.jpg?ts=20250407072139422","ライト・照明器具","ニトリ"
"8320536s","テーブルランプ テアトル","2990円","https://www.nitori-net.jp/ec/product/8320536s/","https://www.nitori-net.jp/ecstatic/image/product/8320536/832053601.jpg?ts=20250407072139423","ライト・照明器具","ニトリ"
"4966307386659s","E26用スポットライト(E26LCX150)","1290円","https://www.nitori-net.jp/ec/product/4966307386659s/","https://www.nitori-net.jp/ecstatic/image/product/4966307386659/496630738665901.jpg?ts=20250407072139422","ライト・照明器具","ニトリ"
"8371183s","室内・屋外兼用電池式センサーライト(マンマルサンキャク)","2790円","https://www.nitori-net.jp/ec/product/8371183s/","https://www.nitori-net.jp/ecstatic/image/product/8371183/837118301.jpg?ts=20240331090906093","ライト・照明器具","ニトリ"
"8380231s","パネライトサーキュレーター","24990円","https://www.nitori-net.jp/ec/product/8380231s/","https://www.nitori-net.jp/ecstatic/image/product/8380231/838023101.jpg?ts=20250407072139423","ライト・照明器具","ニトリ"
"8360395s","LED クリップライト(YP200CL シルバー)","1990円","https://www.nitori-net.jp/ec/product/8360395s/","https://www.nitori-net.jp/ecstatic/image/product/8360395/836039501.jpg?ts=20250407072139423","ライト・照明器具","ニトリ"
"2113400056220s","LEDデスクライトRICA(YP-D02)","2990円","https://www.nitori-net.jp/ec/product/2113400056220s/","https://www.nitori-net.jp/ecstatic/image/product/2113400056220s/2113400056220s00.jpg?ts=20250926164241264","ライト・照明器具","ニトリ"
"2113400071148s","CL33 フロアランプ(ホワイト)","22000円","https://www.nitori-net.jp/ec/product/2113400071148s/","https://www.nitori-net.jp/ecstatic/image/product/2113400071148/211340007114802.jpg?ts=20260424115125713","ライト・照明器具","ニトリ"
"8371303s","LED電球(E26口金 100W相当 E26口金 LEE100WL-L)","1490円","https://www.nitori-net.jp/ec/product/8371303s/","https://www.nitori-net.jp/ecstatic/image/product/8371303/837130301.jpg?ts=20250407072139423","ライト・照明器具","ニトリ"
"8370935s","シーリングライト ベルチ(291P-3)","5990円","https://www.nitori-net.jp/ec/product/8370935s/","https://www.nitori-net.jp/ecstatic/image/product/8370935/837093501.jpg?ts=20250407072139424","ライト・照明器具","ニトリ"
"5692999s","モモンガ・シーサー ライト 2個セット","4990円","https://www.nitori-net.jp/ec/product/5692999s/","https://www.nitori-net.jp/ecstatic/image/product/5692999/569299901.jpg?ts=20240108144053092","ライト・照明器具","ニトリ"
"8371295s","LED電球(E26口金  100W相当 電球色 LEE100WM-L)","1290円","https://www.nitori-net.jp/ec/product/8371295s/","https://www.nitori-net.jp/ecstatic/image/product/8371295/837129501.jpg?ts=20250407072139424","ライト・照明器具","ニトリ"
"5650377s","PhilipsHue Bridge(ブリッジ)","5990円","https://www.nitori-net.jp/ec/product/5650377s/","https://www.nitori-net.jp/ecstatic/image/product/5650377/565037701.jpg?ts=20250407072139423","ライト・照明器具","ニトリ"
"8371292s","LED電球(E26口金 40W相当 LEE40WM-N)","299円","https://www.nitori-net.jp/ec/product/8371292s/","https://www.nitori-net.jp/ecstatic/image/product/8371292/837129201.jpg?ts=20250407072139422","ライト・照明器具","ニトリ"
"4954849540684s","センサーライト かげあかり(04)","2790円","https://www.nitori-net.jp/ec/product/4954849540684s/","https://www.nitori-net.jp/ecstatic/image/product/4954849540684s/4954849540684s00.jpg?ts=20251128130906658","ライト・照明器具","ニトリ"
"4954849540752s","センサーライト かげあかり(06)","3990円","https://www.nitori-net.jp/ec/product/4954849540752s/","https://www.nitori-net.jp/ecstatic/image/product/4954849540752s/4954849540752s00.jpg?ts=20260506154456860","ライト・照明器具","ニトリ"
"8320541s","和風 テーブルランプ アセッサ(S)","2990円","https://www.nitori-net.jp/ec/product/8320541s/","https://www.nitori-net.jp/ecstatic/image/product/8320541/832054101.jpg?ts=20250407072139422","ライト・照明器具","ニトリ"
"8371286s","LED電球(E17口金 60W相当 昼白色 LEE60WS-N)","899円","https://www.nitori-net.jp/ec/product/8371286s/","https://www.nitori-net.jp/ecstatic/image/product/8371286/837128601.jpg?ts=20250924070704733","ライト・照明器具","ニトリ"
"5692604s","CL26 ペンダントランプ","30800円","https://www.nitori-net.jp/ec/product/5692604s/","https://www.nitori-net.jp/ecstatic/image/product/5692604/569260401.jpg?ts=20250407072139424","ライト・照明器具","ニトリ"
"4534947187945s","デスクライト(アラジン)","17820円","https://www.nitori-net.jp/ec/product/4534947187945s/","https://www.nitori-net.jp/ecstatic/image/product/4534947187945/453494718794501.jpg?ts=20240613140845714","ライト・照明器具","ニトリ"
"8320513s","テーブルランプ カルタ(R2 C3001-1)","3990円","https://www.nitori-net.jp/ec/product/8320513s/","https://www.nitori-net.jp/ecstatic/image/product/8320513/832051301.jpg?ts=20250924070704733","ライト・照明器具","ニトリ"
"4981325536954s","LOGOS ROSY ビレッジランタン","4400円","https://www.nitori-net.jp/ec/product/4981325536954s/","https://www.nitori-net.jp/ecstatic/image/product/4981325536954/498132553695401.jpg?ts=20240709184043272","ライト・照明器具","ニトリ"
"2113400058873s","折りたためる LEDデスクライト (DS508QW)","7990円","https://www.nitori-net.jp/ec/product/2113400058873s/","https://www.nitori-net.jp/ecstatic/image/product/2113400058873s/2113400058873s00.jpg?ts=20260115150946333","ライト・照明器具","ニトリ"
"5830062s","LEDデスクライト(BT01)","2990円","https://www.nitori-net.jp/ec/product/5830062s/","https://www.nitori-net.jp/ecstatic/image/product/5830061/583006101.jpg?ts=20250407072139422","ライト・照明器具","デコホーム"
"2113400054394s","LEDデスククリップライト(NT2402)","1990円","https://www.nitori-net.jp/ec/product/2113400054394s/","https://www.nitori-net.jp/ecstatic/image/product/2113400054394s/2113400054394s00.jpg?ts=20250926164106411","ライト・照明器具","ニトリ"
"8371243s","LED電球型アンティーク調ライト(E26口金 20形相当 G125RA-1AFA)","1990円","https://www.nitori-net.jp/ec/product/8371243s/","https://www.nitori-net.jp/ecstatic/image/product/8371243/837124301.jpg?ts=20250407072139421","ライト・照明器具","ニトリ"
"2113400055124s","【調光・調色可能】スマートLED電球(E26口金 SLB01)","1990円","https://www.nitori-net.jp/ec/product/2113400055124s/","https://www.nitori-net.jp/ecstatic/image/product/2113400055124s/2113400055124s00.jpg?ts=20251030131443461","ライト・照明器具","ニトリ"
"8371099s","明暗センサー付き LEDナイトライト 2個入り","999円","https://www.nitori-net.jp/ec/product/8371099s/","https://www.nitori-net.jp/ecstatic/image/product/8371099/837109901.jpg?ts=20250407072139423","ライト・照明器具","ニトリ"
"8371098s","ペンダントライト(HC-367P WH)","1990円","https://www.nitori-net.jp/ec/product/8371098s/","https://www.nitori-net.jp/ecstatic/image/product/8371098s/8371098s00.jpg?ts=20250718162028574","ライト・照明器具","ニトリ"
"8371189s","充電式センサーライト(円形)","1490円","https://www.nitori-net.jp/ec/product/8371189s/","https://www.nitori-net.jp/ecstatic/image/product/8371189/837118901.jpg?ts=20250407072139424","ライト・照明器具","ニトリ"
"8371311s","LEDミニフィラメント電球(E17 40Ｗ相当)","599円","https://www.nitori-net.jp/ec/product/8371311s/","https://www.nitori-net.jp/ecstatic/image/product/8371311/837131101.jpg?ts=20260105081831968","ライト・照明器具","ニトリ"
"4550533300024s","人感センサー搭載 ファン付き ライト (引掛けモデル)","6990円","https://www.nitori-net.jp/ec/product/4550533300024s/","https://www.nitori-net.jp/ecstatic/image/product/4550533300024s/4550533300024s00.jpg?ts=20260422121638163","ライト・照明器具","ニトリ"
"5692593s","テーブルランプ（クリア・フロスト）","30800円","https://www.nitori-net.jp/ec/product/5692593s/","https://www.nitori-net.jp/ecstatic/image/product/5692593/569259301.jpg?ts=20250407072139423","ライト・照明器具","ニトリ"
"8371141s","LEDアンティーク調ライト(E26口金 20W相当 ST64-1AB)","999円","https://www.nitori-net.jp/ec/product/8371141s/","https://www.nitori-net.jp/ecstatic/image/product/8371141/837114101.jpg?ts=20250407072139422","ライト・照明器具","ニトリ"
"8320547s","テーブルランプ ジオメトリ","2490円","https://www.nitori-net.jp/ec/product/8320547s/","https://www.nitori-net.jp/ecstatic/image/product/8320547/832054701.jpg?ts=20250407072139423","ライト・照明器具","ニトリ"
"8371296s","LED電球(E26口金 100W相当 LEE100WM-N)","1290円","https://www.nitori-net.jp/ec/product/8371296s/","https://www.nitori-net.jp/ecstatic/image/product/8371296/837129601.jpg?ts=20250407072139422","ライト・照明器具","ニトリ"
"8371281s","LED電球(E17口金 25W相当 LEE25WS-L)","399円","https://www.nitori-net.jp/ec/product/8371281s/","https://www.nitori-net.jp/ecstatic/image/product/8371281/837128101.jpg?ts=20250924070704733","ライト・照明器具","ニトリ"
"8321032s","ランプスタンド(ブラック DEL002)","1990円","https://www.nitori-net.jp/ec/product/8321032s/","https://www.nitori-net.jp/ecstatic/image/product/8321032/832103201.jpg?ts=20250407072139423","ライト・照明器具","ニトリ"
"8371304s","LED電球(E26口金 100W相当 LEE100WL-L)","1490円","https://www.nitori-net.jp/ec/product/8371304s/","https://www.nitori-net.jp/ecstatic/image/product/8371304/837130401.jpg?ts=20250407072139422","ライト・照明器具","ニトリ"
"4966307384068s","シーリング直付けダクトレール(50cm LRD501)","4990円","https://www.nitori-net.jp/ec/product/4966307384068s/","https://www.nitori-net.jp/ecstatic/image/product/4966307384068/496630738406801.jpg?ts=20250407072139423","ライト・照明器具","ニトリ"
"5692584s","CL08 ナイトランプ","14990円","https://www.nitori-net.jp/ec/product/5692584s/","https://www.nitori-net.jp/ecstatic/image/product/5692584/569258401.jpg?ts=20250407072139422","ライト・照明器具","ニトリ"
"2113400003095s","LEDアンティーク調ライト (B500OG130OA)","1490円","https://www.nitori-net.jp/ec/product/2113400003095s/","https://www.nitori-net.jp/ecstatic/image/product/2113400003095/211340000309501.jpg?ts=20250616102131728","ライト・照明器具","ニトリ"
"5692599s","CL22 テーブルランプ","30800円","https://www.nitori-net.jp/ec/product/5692599s/","https://www.nitori-net.jp/ecstatic/image/product/5692599/569259901.jpg?ts=20250407072139421","ライト・照明器具","ニトリ"
"8371241s","LED電球型アンティーク調ライト(E26口金 10形相当 ST64RA-1SF)","999円","https://www.nitori-net.jp/ec/product/8371241s/","https://www.nitori-net.jp/ecstatic/image/product/8371241/837124101.jpg?ts=20250407072139423","ライト・照明器具","ニトリ"
"8321034s","ランプスタンド(ゴールド DEL002)","1990円","https://www.nitori-net.jp/ec/product/8321034s/","https://www.nitori-net.jp/ecstatic/image/product/8321034/832103401.jpg?ts=20250407072139423","ライト・照明器具","ニトリ"
"4549462033585s","インテリアテープライト 連結テープ (3色調色 1m)","1490円","https://www.nitori-net.jp/ec/product/4549462033585s/","https://www.nitori-net.jp/ecstatic/image/product/4549462033585/454946203358501.jpg?ts=20250407072139422","ライト・照明器具","ニトリ"
"5650376s","PhilipsHue Starter set(ホワイトグラデーションスターターセット)","11990円","https://www.nitori-net.jp/ec/product/5650376s/","https://www.nitori-net.jp/ecstatic/image/product/5650376/565037601.jpg?ts=20250407072139422","ライト・照明器具","ニトリ"
"4534947186085s","デスクライト(シナモロール)","17820円","https://www.nitori-net.jp/ec/product/4534947186085s/","https://www.nitori-net.jp/ecstatic/image/product/4534947186085/453494718608501.jpg?ts=20240613140845714","ライト・照明器具","ニトリ"
"2113400071100s","CL29 フロアランプ(グレー)","29700円","https://www.nitori-net.jp/ec/product/2113400071100s/","https://www.nitori-net.jp/ecstatic/image/product/2113400071100/211340007110002.jpg?ts=20260424115125713","ライト・照明器具","ニトリ"
"8320503s","テーブルランプ リーブス","2490円","https://www.nitori-net.jp/ec/product/8320503s/","https://www.nitori-net.jp/ecstatic/image/product/8320503/832050301.jpg?ts=20250407072139422","ライト・照明器具","ニトリ"
"8371284s","LED電球(E17口金 40W相当 LEE40WS-N)","599円","https://www.nitori-net.jp/ec/product/8371284s/","https://www.nitori-net.jp/ecstatic/image/product/8371284/837128401.jpg?ts=20250924070704733","ライト・照明器具","ニトリ"
"5830065s","LEDデスクライト(WH PT01)","1790円","https://www.nitori-net.jp/ec/product/5830065s/","https://www.nitori-net.jp/ecstatic/image/product/5830065/583006501.jpg?ts=20250407072139423","ライト・照明器具","デコホーム"
"4549462033578s","インテリアテープライト スターターキット (3色調色 1m)","2490円","https://www.nitori-net.jp/ec/product/4549462033578s/","https://www.nitori-net.jp/ecstatic/image/product/4549462033578/454946203357801.jpg?ts=20250407072139422","ライト・照明器具","ニトリ"
"4966307383351s","ダクトレール用シーリングボディ","699円","https://www.nitori-net.jp/ec/product/4966307383351s/","https://www.nitori-net.jp/ecstatic/image/product/4966307383351/496630738335101.jpg?ts=20250407072139423","ライト・照明器具","ニトリ"
"4534947186078s","サンリオ ナイトライト (ポムポムプリン)","17820円","https://www.nitori-net.jp/ec/product/4534947186078s/","https://www.nitori-net.jp/ecstatic/image/product/4534947186078/453494718607801.jpg?ts=20240613140845714","ライト・照明器具","ニトリ"
"2100002414565s","LEDデスクライト(ECL)【島忠ホームズ商品】","21800円","https://www.nitori-net.jp/ec/product/2100002414565s/","https://www.nitori-net.jp/ecstatic/image/product/2100002414565s/2100002414565s00.jpg?ts=20251105143729712","ライト・照明器具","ニトリ"
"4981325509477s","LOGOSミディテントランタン","1210円","https://www.nitori-net.jp/ec/product/4981325509477s/","https://www.nitori-net.jp/ecstatic/image/product/4981325509477/498132550947701.jpg?ts=20240709184043272","ライト・照明器具","ニトリ"
"2113400062542s","3灯ペンダントライト(HCTLP-3)","7990円","https://www.nitori-net.jp/ec/product/2113400062542s/","https://www.nitori-net.jp/ecstatic/image/product/2113400062542s/2113400062542s00.jpg?ts=20260807164446739","ライト・照明器具","ニトリ"
"4534947188195s","デスクライト(バズ＆エイリアン)","17820円","https://www.nitori-net.jp/ec/product/4534947188195s/","https://www.nitori-net.jp/ecstatic/image/product/4534947188195/453494718819501.jpg?ts=20240613140845714","ライト・照明器具","ニトリ"
"4534947187853s","デスクライト(ツイステッド)","17820円","https://www.nitori-net.jp/ec/product/4534947187853s/","https://www.nitori-net.jp/ecstatic/image/product/4534947187853/453494718785301.jpg?ts=20240613140845714","ライト・照明器具","ニトリ"
"2113400071667s","テーブルランプ(C5007373-3R)","2990円","https://www.nitori-net.jp/ec/product/2113400071667s/","https://www.nitori-net.jp/ecstatic/image/product/2113400071667s/2113400071667s00.jpg?ts=20260807164506942","ライト・照明器具","ニトリ"
"2113400056213s","LEDミニデスクライト(NT2407)","999円","https://www.nitori-net.jp/ec/product/2113400056213s/","https://www.nitori-net.jp/ecstatic/image/product/2113400056213s/2113400056213s00.jpg?ts=20250926164216673","ライト・照明器具","ニトリ"
"4534947185927s","Disney ナイトライト (美女と野獣)","17820円","https://www.nitori-net.jp/ec/product/4534947185927s/","https://www.nitori-net.jp/ecstatic/image/product/4534947185927/453494718592701.jpg?ts=20240613140845714","ライト・照明器具","ニトリ"
"5692598s","CL21 ペンダントランプ","35200円","https://www.nitori-net.jp/ec/product/5692598s/","https://www.nitori-net.jp/ecstatic/image/product/5692598/569259801.jpg?ts=20250407072139423","ライト・照明器具","ニトリ"
"2113400071681s","テーブルランプ(C5008284-7R)","4990円","https://www.nitori-net.jp/ec/product/2113400071681s/","https://www.nitori-net.jp/ecstatic/image/product/2113400071681s/2113400071681s00.jpg?ts=20260807164544466","ライト・照明器具","ニトリ"
"4534947185965s","Disney ナイトライト (ふしぎの国のアリス/アートギャラリー)","17820円","https://www.nitori-net.jp/ec/product/4534947185965s/","https://www.nitori-net.jp/ecstatic/image/product/4534947185965/453494718596501.jpg?ts=20240613140845714","ライト・照明器具","ニトリ"
"4534947186092s","デスクライト(キキ＆ララ)","17820円","https://www.nitori-net.jp/ec/product/4534947186092s/","https://www.nitori-net.jp/ecstatic/image/product/4534947186092/453494718609201.jpg?ts=20240613140845714","ライト・照明器具","ニトリ"
"4534947204604s","デスクライト(トム＆ジェリー)","17820円","https://www.nitori-net.jp/ec/product/4534947204604s/","https://www.nitori-net.jp/ecstatic/image/product/4534947204604/453494720460401.jpg?ts=20240613140845714","ライト・照明器具","ニトリ"
"4534947193137s","デスクライト(サンリオキャラクターズ)","17820円","https://www.nitori-net.jp/ec/product/4534947193137s/","https://www.nitori-net.jp/ecstatic/image/product/4534947193137/453494719313701.jpg?ts=20240613140845714","ライト・照明器具","ニトリ"
"2113400055117s","スマートリモコン(SRC01)","3990円","https://www.nitori-net.jp/ec/product/2113400055117s/","https://www.nitori-net.jp/ecstatic/image/product/2113400055117s/2113400055117s00.jpg?ts=20251030131418533","ライト・照明器具","ニトリ"
"4961607470886s","地球儀＆天球儀","7990円","https://www.nitori-net.jp/ec/product/4961607470886s/","https://www.nitori-net.jp/ecstatic/image/product/4961607470886/496160747088601.jpg?ts=20240718125139523","ライト・照明器具","ニトリ"
"5650374s","PhilipsHue SingleLamp800lm(シングルランプ800lm)","5990円","https://www.nitori-net.jp/ec/product/5650374s/","https://www.nitori-net.jp/ecstatic/image/product/5650374/565037401.jpg?ts=20250407072139424","ライト・照明器具","ニトリ"
"4966307420315s","人感センサーテープライト 1m","1290円","https://www.nitori-net.jp/ec/product/4966307420315s/","https://www.nitori-net.jp/ecstatic/image/product/4966307420315/496630742031501.jpg?ts=20250515115132886","ライト・照明器具","ニトリ"
"4534947187778s","デスクライト(ミニーモチーフ)","17820円","https://www.nitori-net.jp/ec/product/4534947187778s/","https://www.nitori-net.jp/ecstatic/image/product/4534947187778/453494718777801.jpg?ts=20240613140845714","ライト・照明器具","ニトリ"
"4966307387113s","ダクトレール用吊りフック(SF85442)","249円","https://www.nitori-net.jp/ec/product/4966307387113s/","https://www.nitori-net.jp/ecstatic/image/product/4966307387113/496630738711301.jpg?ts=20250407072139422","ライト・照明器具","ニトリ"
"2113400071674s","テーブルランプ(C5008284-6R)","4990円","https://www.nitori-net.jp/ec/product/2113400071674s/","https://www.nitori-net.jp/ecstatic/image/product/2113400071674s/2113400071674s00.jpg?ts=20260807164526521","ライト・照明器具","ニトリ"
"4534947185910s","Disney ナイトライト (リトルマーメイド)","17820円","https://www.nitori-net.jp/ec/product/4534947185910s/","https://www.nitori-net.jp/ecstatic/image/product/4534947185910/453494718591001.jpg?ts=20240613140845714","ライト・照明器具","ニトリ"
"2113400056206s","LEDミニクリップライト(NT2406)","999円","https://www.nitori-net.jp/ec/product/2113400056206s/","https://www.nitori-net.jp/ecstatic/image/product/2113400056206s/2113400056206s00.jpg?ts=20250926164156596","ライト・照明器具","ニトリ"
"4534947204611s","デスクライト(ハリーポッター)","17820円","https://www.nitori-net.jp/ec/product/4534947204611s/","https://www.nitori-net.jp/ecstatic/image/product/4534947204611/453494720461101.jpg?ts=20240613140845714","ライト・照明器具","ニトリ"
"4534947186108s","デスクライト(スターウォーズ)","16990円","https://www.nitori-net.jp/ec/product/4534947186108s/","https://www.nitori-net.jp/ecstatic/image/product/4534947186108/453494718610801.jpg?ts=20240613140845714","ライト・照明器具","ニトリ"
"4534947186061s","サンリオ ナイトライト (マイメロディ)","17820円","https://www.nitori-net.jp/ec/product/4534947186061s/","https://www.nitori-net.jp/ecstatic/image/product/4534947186061/453494718606101.jpg?ts=20240613140845714","ライト・照明器具","ニトリ"
"5830071s","USB LEDデスクライト WH DX01","2990円","https://www.nitori-net.jp/ec/product/5830071s/","https://www.nitori-net.jp/ecstatic/image/product/5830071/583007101.jpg?ts=20250407072139423","ライト・照明器具","デコホーム"
"8370889s","LEDセンサーライト　ルームーンストーン","1790円","https://www.nitori-net.jp/ec/product/8370889s/","https://www.nitori-net.jp/ecstatic/image/product/8370889/837088901.jpg?ts=20250407072139422","ライト・照明器具","ニトリ"
"4534947187518s","デスクライト(ミニオン)","17820円","https://www.nitori-net.jp/ec/product/4534947187518s/","https://www.nitori-net.jp/ecstatic/image/product/4534947187518/453494718751801.jpg?ts=20240613140845714","ライト・照明器具","ニトリ"
"4534947193175s","デスクライト(ディズニー)","17820円","https://www.nitori-net.jp/ec/product/4534947193175s/","https://www.nitori-net.jp/ecstatic/image/product/4534947193175/453494719317501.jpg?ts=20240613140845714","ライト・照明器具","ニトリ"
"5692943s","ファンティ ルームライト(グリーン・ブルー)2個セット","2490円","https://www.nitori-net.jp/ec/product/5692943s/","https://www.nitori-net.jp/ecstatic/image/product/5692943/569294301.jpg?ts=20240108144053092","ライト・照明器具","ニトリ"
"4534947186047s","Disney ナイトライト (チップ＆デール)","17820円","https://www.nitori-net.jp/ec/product/4534947186047s/","https://www.nitori-net.jp/ecstatic/image/product/4534947186047/453494718604701.jpg?ts=20240613140845714","ライト・照明器具","ニトリ"
"4860024s","自転車LEDライト(ET-3122)【島忠ホームズ商品】","1097円","https://www.nitori-net.jp/ec/product/4860024s/","https://www.nitori-net.jp/ecstatic/image/product/4860023/486002301.jpg?ts=20240510185136322","ライト・照明器具","ニトリ"
"4534947185897s","Disney ナイトライト (ミッキークロス)","17820円","https://www.nitori-net.jp/ec/product/4534947185897s/","https://www.nitori-net.jp/ecstatic/image/product/4534947185897/453494718589701.jpg?ts=20240613140845714","ライト・照明器具","ニトリ"
"4534947186030s","Disney ナイトライト (ファインディング・ニモ)","17820円","https://www.nitori-net.jp/ec/product/4534947186030s/","https://www.nitori-net.jp/ecstatic/image/product/4534947186030/453494718603001.jpg?ts=20240613140845714","ライト・照明器具","ニトリ"
"5692944s","ファンティ ルームライト(ブルー)2個セット","2490円","https://www.nitori-net.jp/ec/product/5692944s/","https://www.nitori-net.jp/ecstatic/image/product/5692944/569294401.jpg?ts=20240108144053092","ライト・照明器具","ニトリ"
"4534947187761s","デスクライト(ミッキーモチーフ)","17820円","https://www.nitori-net.jp/ec/product/4534947187761s/","https://www.nitori-net.jp/ecstatic/image/product/4534947187761/453494718776101.jpg?ts=20240613140845714","ライト・照明器具","ニトリ"
"8371282s","LED電球(E17口金 25W相当 LEE25WS-N)","399円","https://www.nitori-net.jp/ec/product/8371282s/","https://www.nitori-net.jp/ecstatic/image/product/8371282/837128201.jpg?ts=20250924070704734","ライト・照明器具","ニトリ"
"4534947186054s","サンリオ ナイトライト (ハローキティ)","17820円","https://www.nitori-net.jp/ec/product/4534947186054s/","https://www.nitori-net.jp/ecstatic/image/product/4534947186054/453494718605401.jpg?ts=20240613140845714","ライト・照明器具","ニトリ"
"4534947187785s","デスクライト(ドナルドモチーフ)","17820円","https://www.nitori-net.jp/ec/product/4534947187785s/","https://www.nitori-net.jp/ecstatic/image/product/4534947187785/453494718778501.jpg?ts=20240613140845714","ライト・照明器具","ニトリ"
"4534947204628s","デスクライト(バットマン)","17820円","https://www.nitori-net.jp/ec/product/4534947204628s/","https://www.nitori-net.jp/ecstatic/image/product/4534947204628/453494720462801.jpg?ts=20240613140845714","ライト・照明器具","ニトリ"
"8301049s","シャンデリア球 E12口金-40W(G-73H40WE12)","349円","https://www.nitori-net.jp/ec/product/8301049s/","https://www.nitori-net.jp/ecstatic/image/product/8301049/830104901.jpg?ts=20250407072139424","ライト・照明器具","ニトリ"
"4534947185996s","Disney ナイトライト (くまのプーさん/ノルディック)","17820円","https://www.nitori-net.jp/ec/product/4534947185996s/","https://www.nitori-net.jp/ecstatic/image/product/4534947185996/453494718599601.jpg?ts=20240613140845714","ライト・照明器具","ニトリ"
"5692936s","ファンティ ルームライト(ピンク)2個セット","2490円","https://www.nitori-net.jp/ec/product/5692936s/","https://www.nitori-net.jp/ecstatic/image/product/5692936/569293601.jpg?ts=20240108144053092","ライト・照明器具","ニトリ"
"4860025s","自転車LEDライト(ET-3176-1)【島忠ホームズ商品】","1958円","https://www.nitori-net.jp/ec/product/4860025s/","https://www.nitori-net.jp/ecstatic/image/product/4860025/486002501.jpg?ts=20240510185136322","ライト・照明器具","ニトリ"
"5692938s","ファンティ ルームライト(ピンク・ブルー)2個セット","2490円","https://www.nitori-net.jp/ec/product/5692938s/","https://www.nitori-net.jp/ecstatic/image/product/5692938/569293801.jpg?ts=20240108144053092","ライト・照明器具","ニトリ"
"5692939s","ファンティ ルームライト(グリーン)2個セット","2490円","https://www.nitori-net.jp/ec/product/5692939s/","https://www.nitori-net.jp/ecstatic/image/product/5692939/569293901.jpg?ts=20240108144053092","ライト・照明器具","ニトリ"
"5692937s","ファンティ ルームライト(ピンク・グリーン)2個セット","2490円","https://www.nitori-net.jp/ec/product/5692937s/","https://www.nitori-net.jp/ecstatic/image/product/5692937/569293701.jpg?ts=20240108144053092","ライト・照明器具","ニトリ"
